{"loss": [102.04795837402344, 42.01143264770508, 38.87689208984375, 37.2039680480957, 35.367610931396484, 33.89265823364258, 33.454166412353516, 33.11240768432617, 33.10092544555664, 32.794227600097656, 32.65776062011719, 32.33998489379883, 32.0125846862793, 32.24197769165039, 32.06250762939453, 31.96645736694336, 32.06769561767578, 31.710765838623047, 31.675308227539062, 31.57964324951172, 31.595422744750977, 31.470849990844727, 31.479284286499023, 31.653636932373047, 31.345186233520508, 31.563371658325195, 31.37242889404297, 31.301469802856445, 31.1121883392334, 31.351163864135742, 31.0814208984375, 31.035173416137695, 31.024059295654297, 30.90645980834961, 31.317489624023438, 31.23389434814453, 31.03091049194336, 31.01512336730957, 30.746633529663086, 30.59095001220703, 30.67854118347168, 30.871925354003906, 30.74540138244629, 30.79115867614746, 30.746538162231445, 30.409650802612305, 30.696264266967773, 30.457475662231445, 30.510963439941406, 30.282047271728516], "mae": [7.343899250030518, 4.413923263549805, 4.141006946563721, 4.027645587921143, 3.916642665863037, 3.823370933532715, 3.7939138412475586, 3.767530918121338, 3.755553960800171, 3.734032392501831, 3.7283871173858643, 3.7115795612335205, 3.695596218109131, 3.703019857406616, 3.6999101638793945, 3.698042154312134, 3.6960391998291016, 3.673712968826294, 3.673424005508423, 3.666104316711426, 3.679906129837036, 3.6616833209991455, 3.665801763534546, 3.669724464416504, 3.665358781814575, 3.669966220855713, 3.6525564193725586, 3.657480239868164, 3.6356823444366455, 3.6460041999816895, 3.636024236679077, 3.635962724685669, 3.6266093254089355, 3.6277050971984863, 3.6502110958099365, 3.65261173248291, 3.6357452869415283, 3.633662462234497, 3.619469404220581, 3.608273983001709, 3.6122779846191406, 3.6219053268432617, 3.6195244789123535, 3.614551544189453, 3.6107327938079834, 3.604083776473999, 3.6167190074920654, 3.604365587234497, 3.6065690517425537, 3.593492269515991], "val_loss": [47.86335372924805, 40.73295974731445, 39.14606475830078, 37.99897384643555, 38.28664779663086, 35.590641021728516, 35.370140075683594, 35.042091369628906, 34.874267578125, 34.747798919677734, 35.63043975830078, 34.59025192260742, 35.05253219604492, 34.76483917236328, 34.671478271484375, 34.46046447753906, 34.229156494140625, 34.23580551147461, 34.30235290527344, 34.34832000732422, 34.777130126953125, 34.27628707885742, 34.46617126464844, 34.17363357543945, 34.70282745361328, 33.87656784057617, 34.1918830871582, 33.920494079589844, 33.81321334838867, 33.956478118896484, 33.64202117919922, 33.688724517822266, 33.76324462890625, 33.59029006958008, 34.76435089111328, 33.44655990600586, 34.14431381225586, 34.63370895385742, 33.525634765625, 33.37413024902344, 33.583187103271484, 33.555809020996094, 33.35737991333008, 34.051761627197266, 33.3387451171875, 33.08291244506836, 33.10721206665039, 33.082298278808594, 34.240718841552734, 32.79267120361328], "val_mae": [4.639773368835449, 4.1459856033325195, 3.932469606399536, 3.811710834503174, 3.72733736038208, 3.6800923347473145, 3.761575698852539, 3.700122833251953, 3.7083537578582764, 3.7193994522094727, 3.9886577129364014, 3.6677467823028564, 3.6062934398651123, 3.6007325649261475, 3.6060588359832764, 3.730015516281128, 3.6649298667907715, 3.6193251609802246, 3.60186505317688, 3.7566044330596924, 3.722240447998047, 3.591585397720337, 3.5582027435302734, 3.5777575969696045, 3.8901376724243164, 3.6886582374572754, 3.823155164718628, 3.6018636226654053, 3.5849690437316895, 3.6467792987823486, 3.623997688293457, 3.6535391807556152, 3.5751261711120605, 3.5980048179626465, 3.547551155090332, 3.610614061355591, 3.599452257156372, 3.5285282135009766, 3.5597660541534424, 3.5835204124450684, 3.558185338973999, 3.553887367248535, 3.6711413860321045, 3.7850701808929443, 3.5535624027252197, 3.6213343143463135, 3.633429765701294, 3.5635902881622314, 3.539583683013916, 3.5918638706207275]}